1,financial
2,bank
3,service
4,market
5,customers
6,institutions
7,process
8,customer
9,digital
10,information
11,trade
12,insurance
13,products
14,investors
15,payment
16,investment
17,fund
18,value
19,economic
20,capital
21,cost
22,lend
23,providers
24,management
25,transactions
26,insurers
27,technology
28,business
29,regulatory
30,opportunities
31,intermediaries
32,attribute
33,share
34,asset
35,network
36,equity
37,loan
38,benefit
39,fis
40,credit
41,contract
42,account
43,industry
44,transaction
45,wealth
46,crowdfunding
47,assets
48,investor
49,money
50,retail
51,price
52,leverage
53,loss
54,fintechs
55,innovations
56,competitive
57,ledger
58,growth
59,exchange
60,partnerships
61,finance
62,merchants
63,demand
64,bond
65,investments
66,sellers
67,invest
68,buyers
69,borrowers
70,deposit
71,authentication
72,counterparty
73,strategies
74,ownership
75,public
76,sell
77,stakeholders
78,differentiate
79,institutional
80,buy
81,cash
82,liquidity
83,provision
84,tech
85,marketplace
86,commercial
87,corporation
88,profit
89,revenue
90,sender
91,merchant
92,insurer
93,externalisation
94,consumers
95,loyalty
96,policies
97,broker
98,decentralise
99,corporate
100,liability
