1,customer
2,financial
3,identity
4,service
5,bank
6,market
7,platform
8,payment
9,data
10,institution
11,digital
12,user
13,product
14,information
15,risk
16,process
17,transaction
18,investor
19,attribute
20,investment
21,economic
22,asset
23,insurance
24,insurer
25,technology
26,entity
27,regulator
28,uncertainty
29,implication
30,provider
31,business
32,solution
33,capital
34,lending
35,fis
36,idp
37,individual
38,value
39,provide
40,management
41,cost
42,use
43,future
44,model
45,opportunity
46,potential
47,regulatory
48,finding
49,retrieved
50,global
51,trade
52,transfer
53,intermediary
54,contract
55,crowdfunding
56,network
57,conclusion
58,equity
59,innovation
60,loan
61,benefit
62,industry
63,time
64,ecosystem
65,funding
66,state
67,infrastructure
68,credit
69,card
70,firm
71,online
72,offer
73,lender
74,banking
75,trading
76,project
77,fintechs
78,account
79,distributed
80,offering
81,company
82,experience
83,activity
84,authentication
85,claim
86,ability
87,settlement
88,strategy
89,lead
90,fund
91,stakeholder
92,manager
93,development
94,impact
95,channel
96,focus
97,merchant
98,partnership
99,loss
100,wealth
